지점,지점명,일시,기온(°C),강수량(mm)
108,서울,2018-07-01 01:00,22.7,
108,서울,2018-07-01 02:00,22.7,
108,서울,2018-07-01 03:00,22.7,
108,서울,2018-07-01 04:00,22.7,
108,서울,2018-07-01 05:00,22.6,.1
108,서울,2018-07-01 06:00,22.3,.4
108,서울,2018-07-01 07:00,22.1,.5
108,서울,2018-07-01 08:00,22.1,1
108,서울,2018-07-01 09:00,22.1,1.5
108,서울,2018-07-01 10:00,21.6,12
108,서울,2018-07-01 11:00,21.2,18.5
108,서울,2018-07-01 12:00,21.1,7.5
108,서울,2018-07-01 13:00,21.2,3.5
108,서울,2018-07-01 14:00,21.5,1
108,서울,2018-07-01 15:00,21.8,5.5
108,서울,2018-07-01 16:00,22.2,1
108,서울,2018-07-01 17:00,22.4,1.5
108,서울,2018-07-01 18:00,22.2,3.5
108,서울,2018-07-01 19:00,21.9,5.5
108,서울,2018-07-01 20:00,21.9,6
108,서울,2018-07-01 21:00,21.8,3.5
108,서울,2018-07-01 22:00,21.7,3.5
108,서울,2018-07-01 23:00,21.5,5
108,서울,2018-07-02 00:00,21.4,2.5
108,서울,2018-07-02 01:00,21.3,3
108,서울,2018-07-02 02:00,21.2,2
108,서울,2018-07-02 03:00,21.1,4.5
108,서울,2018-07-02 04:00,20.8,4
108,서울,2018-07-02 05:00,20.7,.5
108,서울,2018-07-02 06:00,20.7,1
108,서울,2018-07-02 07:00,20.7,.5
108,서울,2018-07-02 08:00,20.8,1.5
108,서울,2018-07-02 09:00,21,3
108,서울,2018-07-02 10:00,21.4,1
108,서울,2018-07-02 11:00,21.7,8
108,서울,2018-07-02 12:00,22.4,0
108,서울,2018-07-02 13:00,22.6,.5
108,서울,2018-07-02 14:00,23.3,0
108,서울,2018-07-02 15:00,24.2,0
108,서울,2018-07-02 16:00,25.2,0
108,서울,2018-07-02 17:00,25.3,
108,서울,2018-07-02 18:00,24.9,0
108,서울,2018-07-02 19:00,24.1,1.5
108,서울,2018-07-02 20:00,23.5,24
108,서울,2018-07-02 21:00,23.4,1
108,서울,2018-07-02 22:00,23.4,2.5
108,서울,2018-07-02 23:00,23.4,.5
108,서울,2018-07-03 00:00,23.2,.5
108,서울,2018-07-03 01:00,23.1,0
108,서울,2018-07-03 02:00,23,
108,서울,2018-07-03 03:00,22.8,0
108,서울,2018-07-03 04:00,22.7,0
108,서울,2018-07-03 05:00,22.6,
108,서울,2018-07-03 06:00,22.6,
108,서울,2018-07-03 07:00,23.5,
108,서울,2018-07-03 08:00,24.3,
108,서울,2018-07-03 09:00,25.7,
108,서울,2018-07-03 10:00,27.6,
108,서울,2018-07-03 11:00,29.2,
108,서울,2018-07-03 12:00,30.1,
108,서울,2018-07-03 13:00,31.2,
108,서울,2018-07-03 14:00,31,
108,서울,2018-07-03 15:00,32,
108,서울,2018-07-03 16:00,31.3,
108,서울,2018-07-03 17:00,32.4,
108,서울,2018-07-03 18:00,32.2,0
108,서울,2018-07-03 19:00,30.4,.1
108,서울,2018-07-03 20:00,28.8,
108,서울,2018-07-03 21:00,27.8,
108,서울,2018-07-03 22:00,26.9,
108,서울,2018-07-03 23:00,26.4,
108,서울,2018-07-04 00:00,25.9,
108,서울,2018-07-04 01:00,25.4,
108,서울,2018-07-04 02:00,25.1,
108,서울,2018-07-04 03:00,24.9,
108,서울,2018-07-04 04:00,24.7,
108,서울,2018-07-04 05:00,24.2,
108,서울,2018-07-04 06:00,24,
108,서울,2018-07-04 07:00,24.6,
108,서울,2018-07-04 08:00,26.4,
108,서울,2018-07-04 09:00,27.4,
108,서울,2018-07-04 10:00,28.5,
108,서울,2018-07-04 11:00,30,
108,서울,2018-07-04 12:00,30.5,
108,서울,2018-07-04 13:00,31,
108,서울,2018-07-04 14:00,31.3,
108,서울,2018-07-04 15:00,31.1,
108,서울,2018-07-04 16:00,31.6,
108,서울,2018-07-04 17:00,31.2,
108,서울,2018-07-04 18:00,30,
108,서울,2018-07-04 19:00,28.2,
108,서울,2018-07-04 20:00,27.1,
108,서울,2018-07-04 21:00,26.2,
108,서울,2018-07-04 22:00,25.1,
108,서울,2018-07-04 23:00,24.7,
108,서울,2018-07-05 00:00,24.2,
108,서울,2018-07-05 01:00,23.9,
108,서울,2018-07-05 02:00,23.6,
108,서울,2018-07-05 03:00,23.5,
108,서울,2018-07-05 04:00,23.5,
108,서울,2018-07-05 05:00,23.5,
108,서울,2018-07-05 06:00,23.5,0
108,서울,2018-07-05 07:00,23.5,.5
108,서울,2018-07-05 08:00,23.6,0
108,서울,2018-07-05 09:00,24.2,0
108,서울,2018-07-05 10:00,25.6,
108,서울,2018-07-05 11:00,26.3,
108,서울,2018-07-05 12:00,27,
108,서울,2018-07-05 13:00,28.1,
108,서울,2018-07-05 14:00,28.3,
108,서울,2018-07-05 15:00,28.8,
108,서울,2018-07-05 16:00,28.2,
108,서울,2018-07-05 17:00,27.3,0
108,서울,2018-07-05 18:00,26.8,0
108,서울,2018-07-05 19:00,26.7,
108,서울,2018-07-05 20:00,25.8,
108,서울,2018-07-05 21:00,25.2,
108,서울,2018-07-05 22:00,24.4,
108,서울,2018-07-05 23:00,23.9,
108,서울,2018-07-06 00:00,23.5,
108,서울,2018-07-06 01:00,23.1,
108,서울,2018-07-06 02:00,22.8,
108,서울,2018-07-06 03:00,22.6,
108,서울,2018-07-06 04:00,22.6,
108,서울,2018-07-06 05:00,22.5,
108,서울,2018-07-06 06:00,22.4,
108,서울,2018-07-06 07:00,22.6,
108,서울,2018-07-06 08:00,23.2,
108,서울,2018-07-06 09:00,23.3,
108,서울,2018-07-06 10:00,23.7,
108,서울,2018-07-06 11:00,23.9,
108,서울,2018-07-06 12:00,25.7,
108,서울,2018-07-06 13:00,26.2,
108,서울,2018-07-06 14:00,27,
108,서울,2018-07-06 15:00,26.9,
108,서울,2018-07-06 16:00,26.6,
108,서울,2018-07-06 17:00,26.6,
108,서울,2018-07-06 18:00,25.9,
108,서울,2018-07-06 19:00,25,
108,서울,2018-07-06 20:00,23.8,
108,서울,2018-07-06 21:00,23.1,
108,서울,2018-07-06 22:00,22.5,
108,서울,2018-07-06 23:00,22,
108,서울,2018-07-07 00:00,21.5,
108,서울,2018-07-07 01:00,21.1,
108,서울,2018-07-07 02:00,20.7,
108,서울,2018-07-07 03:00,20.4,
108,서울,2018-07-07 04:00,20,
108,서울,2018-07-07 05:00,19.8,
108,서울,2018-07-07 06:00,19.5,
108,서울,2018-07-07 07:00,19.6,
108,서울,2018-07-07 08:00,21.2,
108,서울,2018-07-07 09:00,22.6,
108,서울,2018-07-07 10:00,24,
108,서울,2018-07-07 11:00,25,
108,서울,2018-07-07 12:00,26.4,
108,서울,2018-07-07 13:00,27.5,
108,서울,2018-07-07 14:00,28.3,
108,서울,2018-07-07 15:00,28.7,
108,서울,2018-07-07 16:00,28.9,
108,서울,2018-07-07 17:00,28.9,
108,서울,2018-07-07 18:00,27.8,
108,서울,2018-07-07 19:00,26.1,
108,서울,2018-07-07 20:00,24.6,
108,서울,2018-07-07 21:00,23.4,
108,서울,2018-07-07 22:00,22.6,
108,서울,2018-07-07 23:00,21.7,
108,서울,2018-07-08 00:00,20.7,
108,서울,2018-07-08 01:00,19.9,
108,서울,2018-07-08 02:00,19.3,
108,서울,2018-07-08 03:00,18.8,
108,서울,2018-07-08 04:00,18.4,
108,서울,2018-07-08 05:00,18.1,
108,서울,2018-07-08 06:00,17.8,
108,서울,2018-07-08 07:00,18.2,
108,서울,2018-07-08 08:00,19.1,
108,서울,2018-07-08 09:00,20.8,
108,서울,2018-07-08 10:00,22.5,
108,서울,2018-07-08 11:00,23.8,
108,서울,2018-07-08 12:00,25,
108,서울,2018-07-08 13:00,26.1,
108,서울,2018-07-08 14:00,27.1,
108,서울,2018-07-08 15:00,27.6,
108,서울,2018-07-08 16:00,27.9,
108,서울,2018-07-08 17:00,27.4,
108,서울,2018-07-08 18:00,26.7,
108,서울,2018-07-08 19:00,26.3,
108,서울,2018-07-08 20:00,25.7,
108,서울,2018-07-08 21:00,25.3,
108,서울,2018-07-08 22:00,25,
108,서울,2018-07-08 23:00,24.6,
108,서울,2018-07-09 00:00,24.2,
108,서울,2018-07-09 01:00,23.7,
108,서울,2018-07-09 02:00,22.7,
108,서울,2018-07-09 03:00,21.9,
108,서울,2018-07-09 04:00,21.4,
108,서울,2018-07-09 05:00,21.1,
108,서울,2018-07-09 06:00,21,
108,서울,2018-07-09 07:00,20.9,0
108,서울,2018-07-09 08:00,20.7,.2
108,서울,2018-07-09 09:00,21.1,0
108,서울,2018-07-09 10:00,21.1,0
108,서울,2018-07-09 11:00,20.6,.3
108,서울,2018-07-09 12:00,20.7,0
108,서울,2018-07-09 13:00,20.3,.5
108,서울,2018-07-09 14:00,20.2,.5
108,서울,2018-07-09 15:00,20.3,0
108,서울,2018-07-09 16:00,20.2,1
108,서울,2018-07-09 17:00,20.3,1
108,서울,2018-07-09 18:00,20.3,.5
108,서울,2018-07-09 19:00,20.4,.5
108,서울,2018-07-09 20:00,20.3,1
108,서울,2018-07-09 21:00,20.3,1.5
108,서울,2018-07-09 22:00,20.4,.5
108,서울,2018-07-09 23:00,20.4,1
108,서울,2018-07-10 00:00,20.4,5.5
108,서울,2018-07-10 01:00,20.4,8.5
108,서울,2018-07-10 02:00,20.5,6.5
108,서울,2018-07-10 03:00,20.6,.5
108,서울,2018-07-10 04:00,20.6,0
108,서울,2018-07-10 05:00,20.6,
108,서울,2018-07-10 06:00,20.7,
108,서울,2018-07-10 07:00,21.1,
108,서울,2018-07-10 08:00,21.7,
108,서울,2018-07-10 09:00,22.3,
108,서울,2018-07-10 10:00,22.6,
108,서울,2018-07-10 11:00,23.2,
108,서울,2018-07-10 12:00,24.1,
108,서울,2018-07-10 13:00,25.2,
108,서울,2018-07-10 14:00,25.5,
108,서울,2018-07-10 15:00,25.7,
108,서울,2018-07-10 16:00,26.3,
108,서울,2018-07-10 17:00,26.5,
108,서울,2018-07-10 18:00,26.2,0
108,서울,2018-07-10 19:00,25.7,.5
108,서울,2018-07-10 20:00,25.3,0
108,서울,2018-07-10 21:00,25.1,0
108,서울,2018-07-10 22:00,25,0
108,서울,2018-07-10 23:00,24.9,0
108,서울,2018-07-11 00:00,24.6,.5
108,서울,2018-07-11 01:00,24.6,.5
108,서울,2018-07-11 02:00,24.5,0
108,서울,2018-07-11 03:00,24.5,.5
108,서울,2018-07-11 04:00,24.5,0
108,서울,2018-07-11 05:00,24.5,.5
108,서울,2018-07-11 06:00,24.5,.5
108,서울,2018-07-11 07:00,24.6,.5
108,서울,2018-07-11 08:00,25.1,0
108,서울,2018-07-11 09:00,25.6,0
108,서울,2018-07-11 10:00,26.3,.5
108,서울,2018-07-11 11:00,27.2,0
108,서울,2018-07-11 12:00,28.1,
108,서울,2018-07-11 13:00,28.7,
108,서울,2018-07-11 14:00,29.2,
108,서울,2018-07-11 15:00,29.4,
108,서울,2018-07-11 16:00,28.7,0
108,서울,2018-07-11 17:00,28.7,
108,서울,2018-07-11 18:00,28.4,
108,서울,2018-07-11 19:00,28.2,
108,서울,2018-07-11 20:00,27.7,
108,서울,2018-07-11 21:00,27.3,
108,서울,2018-07-11 22:00,27.1,
108,서울,2018-07-11 23:00,26.9,
108,서울,2018-07-12 00:00,26.7,
108,서울,2018-07-12 01:00,26.6,
108,서울,2018-07-12 02:00,26.3,
108,서울,2018-07-12 03:00,26.2,0
108,서울,2018-07-12 04:00,26.1,0
108,서울,2018-07-12 05:00,25.9,.5
108,서울,2018-07-12 06:00,25.6,0
108,서울,2018-07-12 07:00,25.9,
108,서울,2018-07-12 08:00,26.3,
108,서울,2018-07-12 09:00,26.5,0
108,서울,2018-07-12 10:00,26.7,.5
108,서울,2018-07-12 11:00,27.4,0
108,서울,2018-07-12 12:00,27.4,0
108,서울,2018-07-12 13:00,27.7,0
108,서울,2018-07-12 14:00,27.8,
108,서울,2018-07-12 15:00,28,
108,서울,2018-07-12 16:00,28.1,
108,서울,2018-07-12 17:00,27.9,
108,서울,2018-07-12 18:00,27.5,
108,서울,2018-07-12 19:00,27.4,
108,서울,2018-07-12 20:00,26.9,
108,서울,2018-07-12 21:00,26.3,
108,서울,2018-07-12 22:00,25.9,
108,서울,2018-07-12 23:00,25.5,
108,서울,2018-07-13 00:00,25.1,
108,서울,2018-07-13 01:00,24.8,
108,서울,2018-07-13 02:00,24.9,
108,서울,2018-07-13 03:00,24.9,
108,서울,2018-07-13 04:00,24.8,
108,서울,2018-07-13 05:00,24.8,
108,서울,2018-07-13 06:00,24.8,
108,서울,2018-07-13 07:00,25,
108,서울,2018-07-13 08:00,25.5,
108,서울,2018-07-13 09:00,26.6,
108,서울,2018-07-13 10:00,27.4,
108,서울,2018-07-13 11:00,27.5,
108,서울,2018-07-13 12:00,28.3,
108,서울,2018-07-13 13:00,28.9,
108,서울,2018-07-13 14:00,29.5,
108,서울,2018-07-13 15:00,30.2,
108,서울,2018-07-13 16:00,30,
108,서울,2018-07-13 17:00,30.1,
108,서울,2018-07-13 18:00,30.8,
108,서울,2018-07-13 19:00,29.8,
108,서울,2018-07-13 20:00,28.2,
108,서울,2018-07-13 21:00,27.2,
108,서울,2018-07-13 22:00,26.7,
108,서울,2018-07-13 23:00,26.2,
108,서울,2018-07-14 00:00,25.7,
108,서울,2018-07-14 01:00,25.4,
108,서울,2018-07-14 02:00,25.3,
108,서울,2018-07-14 03:00,25.2,
108,서울,2018-07-14 04:00,25.1,
108,서울,2018-07-14 05:00,24.8,0
108,서울,2018-07-14 06:00,24.6,
108,서울,2018-07-14 07:00,24.9,
108,서울,2018-07-14 08:00,26.1,
108,서울,2018-07-14 09:00,27,
108,서울,2018-07-14 10:00,27.8,
108,서울,2018-07-14 11:00,29,
108,서울,2018-07-14 12:00,30.2,
108,서울,2018-07-14 13:00,30.7,
108,서울,2018-07-14 14:00,30.7,
108,서울,2018-07-14 15:00,31.1,
108,서울,2018-07-14 16:00,31.7,
108,서울,2018-07-14 17:00,31.5,
108,서울,2018-07-14 18:00,31.1,
108,서울,2018-07-14 19:00,30.4,
108,서울,2018-07-14 20:00,29.2,
108,서울,2018-07-14 21:00,28.2,
108,서울,2018-07-14 22:00,27.6,
108,서울,2018-07-14 23:00,26.6,
108,서울,2018-07-15 00:00,26,
108,서울,2018-07-15 01:00,25.5,
108,서울,2018-07-15 02:00,25.1,
108,서울,2018-07-15 03:00,24.8,
108,서울,2018-07-15 04:00,24.6,
108,서울,2018-07-15 05:00,24.5,
108,서울,2018-07-15 06:00,24.8,
108,서울,2018-07-15 07:00,25.2,
108,서울,2018-07-15 08:00,26.2,
108,서울,2018-07-15 09:00,27,
108,서울,2018-07-15 10:00,28.5,
108,서울,2018-07-15 11:00,28.7,
108,서울,2018-07-15 12:00,30.1,
108,서울,2018-07-15 13:00,31.4,
108,서울,2018-07-15 14:00,32.4,
108,서울,2018-07-15 15:00,32.9,
108,서울,2018-07-15 16:00,32.8,
108,서울,2018-07-15 17:00,32.7,
108,서울,2018-07-15 18:00,32.2,
108,서울,2018-07-15 19:00,31.2,
108,서울,2018-07-15 20:00,29.2,
108,서울,2018-07-15 21:00,28.1,
108,서울,2018-07-15 22:00,27.5,
108,서울,2018-07-15 23:00,27,
108,서울,2018-07-16 00:00,26.5,
108,서울,2018-07-16 01:00,25.9,
108,서울,2018-07-16 02:00,25.4,
108,서울,2018-07-16 03:00,25.1,
108,서울,2018-07-16 04:00,24.6,
108,서울,2018-07-16 05:00,24.3,
108,서울,2018-07-16 06:00,24,
108,서울,2018-07-16 07:00,24.5,
108,서울,2018-07-16 08:00,26.4,
108,서울,2018-07-16 09:00,28,
108,서울,2018-07-16 10:00,29.8,
108,서울,2018-07-16 11:00,31.5,
108,서울,2018-07-16 12:00,32.4,
108,서울,2018-07-16 13:00,33,
108,서울,2018-07-16 14:00,33.7,
108,서울,2018-07-16 15:00,33.4,
108,서울,2018-07-16 16:00,33.3,
108,서울,2018-07-16 17:00,33,
108,서울,2018-07-16 18:00,32.3,
108,서울,2018-07-16 19:00,31.2,
108,서울,2018-07-16 20:00,29.3,
108,서울,2018-07-16 21:00,28,
108,서울,2018-07-16 22:00,27.2,
108,서울,2018-07-16 23:00,26.6,
108,서울,2018-07-17 00:00,26.4,
108,서울,2018-07-17 01:00,25.8,
108,서울,2018-07-17 02:00,25.3,
108,서울,2018-07-17 03:00,24.8,
108,서울,2018-07-17 04:00,24.4,
108,서울,2018-07-17 05:00,24.1,
108,서울,2018-07-17 06:00,24,
108,서울,2018-07-17 07:00,24.4,
108,서울,2018-07-17 08:00,25.8,
108,서울,2018-07-17 09:00,27.5,
108,서울,2018-07-17 10:00,29.2,
108,서울,2018-07-17 11:00,30.4,
108,서울,2018-07-17 12:00,30.8,
108,서울,2018-07-17 13:00,31.1,
108,서울,2018-07-17 14:00,31.8,
108,서울,2018-07-17 15:00,31.9,
108,서울,2018-07-17 16:00,32,
108,서울,2018-07-17 17:00,31.8,
108,서울,2018-07-17 18:00,31.3,
108,서울,2018-07-17 19:00,30.6,
108,서울,2018-07-17 20:00,28.9,
108,서울,2018-07-17 21:00,27.9,
108,서울,2018-07-17 22:00,27.2,
108,서울,2018-07-17 23:00,26.6,
108,서울,2018-07-18 00:00,26.2,
108,서울,2018-07-18 01:00,25.7,
108,서울,2018-07-18 02:00,25.2,
108,서울,2018-07-18 03:00,24.7,
108,서울,2018-07-18 04:00,24.3,
108,서울,2018-07-18 05:00,23.9,
108,서울,2018-07-18 06:00,23.7,
108,서울,2018-07-18 07:00,24.2,
108,서울,2018-07-18 08:00,25.8,
108,서울,2018-07-18 09:00,27.2,
108,서울,2018-07-18 10:00,28.9,
108,서울,2018-07-18 11:00,30.2,
108,서울,2018-07-18 12:00,31.2,
108,서울,2018-07-18 13:00,32.1,
108,서울,2018-07-18 14:00,32.7,
108,서울,2018-07-18 15:00,32.9,
108,서울,2018-07-18 16:00,33.1,
108,서울,2018-07-18 17:00,32.6,
108,서울,2018-07-18 18:00,32,
108,서울,2018-07-18 19:00,30.6,
108,서울,2018-07-18 20:00,28.8,
108,서울,2018-07-18 21:00,28,
108,서울,2018-07-18 22:00,27.2,
108,서울,2018-07-18 23:00,26.4,
108,서울,2018-07-19 00:00,25.9,
108,서울,2018-07-19 01:00,25.4,
108,서울,2018-07-19 02:00,24.8,
108,서울,2018-07-19 03:00,24.4,
108,서울,2018-07-19 04:00,24,
108,서울,2018-07-19 05:00,23.6,
108,서울,2018-07-19 06:00,23.3,
108,서울,2018-07-19 07:00,23.6,
108,서울,2018-07-19 08:00,25.5,
108,서울,2018-07-19 09:00,27.6,
108,서울,2018-07-19 10:00,29.4,
108,서울,2018-07-19 11:00,30.7,
108,서울,2018-07-19 12:00,31.7,
108,서울,2018-07-19 13:00,32.6,
108,서울,2018-07-19 14:00,33.1,
108,서울,2018-07-19 15:00,33.7,
108,서울,2018-07-19 16:00,33.7,
108,서울,2018-07-19 17:00,34,
108,서울,2018-07-19 18:00,33,
108,서울,2018-07-19 19:00,31.6,
108,서울,2018-07-19 20:00,29.8,
108,서울,2018-07-19 21:00,28.8,
108,서울,2018-07-19 22:00,28,
108,서울,2018-07-19 23:00,27.2,
108,서울,2018-07-20 00:00,26.7,
108,서울,2018-07-20 01:00,26.1,
108,서울,2018-07-20 02:00,25.7,
108,서울,2018-07-20 03:00,25.4,
108,서울,2018-07-20 04:00,25.1,
108,서울,2018-07-20 05:00,24.9,
108,서울,2018-07-20 06:00,24.6,
108,서울,2018-07-20 07:00,25.2,
108,서울,2018-07-20 08:00,26.6,
108,서울,2018-07-20 09:00,28.4,
108,서울,2018-07-20 10:00,29.8,
108,서울,2018-07-20 11:00,31.6,
108,서울,2018-07-20 12:00,32.6,
108,서울,2018-07-20 13:00,32.4,
108,서울,2018-07-20 14:00,33.4,
108,서울,2018-07-20 15:00,34.1,
108,서울,2018-07-20 16:00,34.3,
108,서울,2018-07-20 17:00,34.3,
108,서울,2018-07-20 18:00,33.9,
108,서울,2018-07-20 19:00,32.9,
108,서울,2018-07-20 20:00,30.9,
108,서울,2018-07-20 21:00,29.8,
108,서울,2018-07-20 22:00,28.8,
108,서울,2018-07-20 23:00,28.2,
108,서울,2018-07-21 00:00,27.5,
108,서울,2018-07-21 01:00,27,
108,서울,2018-07-21 02:00,26.4,
108,서울,2018-07-21 03:00,26.1,
108,서울,2018-07-21 04:00,25.6,
108,서울,2018-07-21 05:00,25,
108,서울,2018-07-21 06:00,24.9,
108,서울,2018-07-21 07:00,25.3,
108,서울,2018-07-21 08:00,27.4,
108,서울,2018-07-21 09:00,29.6,
108,서울,2018-07-21 10:00,31.4,
108,서울,2018-07-21 11:00,32.9,
108,서울,2018-07-21 12:00,34.2,
108,서울,2018-07-21 13:00,35.2,
108,서울,2018-07-21 14:00,36.3,
108,서울,2018-07-21 15:00,36.5,
108,서울,2018-07-21 16:00,36.8,
108,서울,2018-07-21 17:00,36.3,
108,서울,2018-07-21 18:00,35,
108,서울,2018-07-21 19:00,33.4,
108,서울,2018-07-21 20:00,31.5,
108,서울,2018-07-21 21:00,30.2,
108,서울,2018-07-21 22:00,29.4,
108,서울,2018-07-21 23:00,28.8,
108,서울,2018-07-22 00:00,28.1,
108,서울,2018-07-22 01:00,27.3,
108,서울,2018-07-22 02:00,26.8,
108,서울,2018-07-22 03:00,26.3,
108,서울,2018-07-22 04:00,25.9,
108,서울,2018-07-22 05:00,25.5,
108,서울,2018-07-22 06:00,25.3,
108,서울,2018-07-22 07:00,25.8,
108,서울,2018-07-22 08:00,27.9,
108,서울,2018-07-22 09:00,30.5,
108,서울,2018-07-22 10:00,32.2,
108,서울,2018-07-22 11:00,33.8,
108,서울,2018-07-22 12:00,35.5,
108,서울,2018-07-22 13:00,36.7,
108,서울,2018-07-22 14:00,37.4,
108,서울,2018-07-22 15:00,37.5,
108,서울,2018-07-22 16:00,37.8,
108,서울,2018-07-22 17:00,37.6,
108,서울,2018-07-22 18:00,36.3,
108,서울,2018-07-22 19:00,34.5,
108,서울,2018-07-22 20:00,33.3,
108,서울,2018-07-22 21:00,32.3,
108,서울,2018-07-22 22:00,31.7,
108,서울,2018-07-22 23:00,31.2,
108,서울,2018-07-23 00:00,30.6,
108,서울,2018-07-23 01:00,30,
108,서울,2018-07-23 02:00,29.7,
108,서울,2018-07-23 03:00,29.6,
108,서울,2018-07-23 04:00,29.3,
108,서울,2018-07-23 05:00,29.3,
108,서울,2018-07-23 06:00,29.2,
108,서울,2018-07-23 07:00,29.3,
108,서울,2018-07-23 08:00,30,
108,서울,2018-07-23 09:00,31,
108,서울,2018-07-23 10:00,31.8,
108,서울,2018-07-23 11:00,32.7,
108,서울,2018-07-23 12:00,34.1,
108,서울,2018-07-23 13:00,33.8,
108,서울,2018-07-23 14:00,34.3,
108,서울,2018-07-23 15:00,35.4,
108,서울,2018-07-23 16:00,34.8,
108,서울,2018-07-23 17:00,34.8,
108,서울,2018-07-23 18:00,33.9,
108,서울,2018-07-23 19:00,32.6,
108,서울,2018-07-23 20:00,31.5,
108,서울,2018-07-23 21:00,30.8,
108,서울,2018-07-23 22:00,30.3,
108,서울,2018-07-23 23:00,30,
108,서울,2018-07-24 00:00,29.6,
108,서울,2018-07-24 01:00,29.1,
108,서울,2018-07-24 02:00,28.6,
108,서울,2018-07-24 03:00,28.2,
108,서울,2018-07-24 04:00,27.8,
108,서울,2018-07-24 05:00,27.5,
108,서울,2018-07-24 06:00,27.2,
108,서울,2018-07-24 07:00,27.8,
108,서울,2018-07-24 08:00,29.9,
108,서울,2018-07-24 09:00,31.7,
108,서울,2018-07-24 10:00,32.4,
108,서울,2018-07-24 11:00,33.9,
108,서울,2018-07-24 12:00,34.5,
108,서울,2018-07-24 13:00,36.4,
108,서울,2018-07-24 14:00,35.8,
108,서울,2018-07-24 15:00,35.8,
108,서울,2018-07-24 16:00,34.9,
108,서울,2018-07-24 17:00,34.9,
108,서울,2018-07-24 18:00,34.9,
108,서울,2018-07-24 19:00,33.1,
108,서울,2018-07-24 20:00,31.1,
108,서울,2018-07-24 21:00,30.2,
108,서울,2018-07-24 22:00,29.8,
108,서울,2018-07-24 23:00,29.3,
108,서울,2018-07-25 00:00,28.9,
108,서울,2018-07-25 01:00,28.7,
108,서울,2018-07-25 02:00,28.8,
108,서울,2018-07-25 03:00,28.9,
108,서울,2018-07-25 04:00,28.5,
108,서울,2018-07-25 05:00,28.3,
108,서울,2018-07-25 06:00,28.1,
108,서울,2018-07-25 07:00,28.3,
108,서울,2018-07-25 08:00,28.7,
108,서울,2018-07-25 09:00,29.4,
108,서울,2018-07-25 10:00,30.7,
108,서울,2018-07-25 11:00,30.7,
108,서울,2018-07-25 12:00,31.1,
108,서울,2018-07-25 13:00,32.3,
108,서울,2018-07-25 14:00,33,
108,서울,2018-07-25 15:00,34,
108,서울,2018-07-25 16:00,34.1,
108,서울,2018-07-25 17:00,33.2,
108,서울,2018-07-25 18:00,32.2,
108,서울,2018-07-25 19:00,31.7,
108,서울,2018-07-25 20:00,30.9,
108,서울,2018-07-25 21:00,29.7,
108,서울,2018-07-25 22:00,28.8,
108,서울,2018-07-25 23:00,28,
108,서울,2018-07-26 00:00,27.7,
108,서울,2018-07-26 01:00,27.6,
108,서울,2018-07-26 02:00,27.6,
108,서울,2018-07-26 03:00,27.7,
108,서울,2018-07-26 04:00,27.7,
108,서울,2018-07-26 05:00,27.4,
108,서울,2018-07-26 06:00,27.4,
108,서울,2018-07-26 07:00,27.7,
108,서울,2018-07-26 08:00,28.3,
108,서울,2018-07-26 09:00,29.1,
108,서울,2018-07-26 10:00,29.5,
108,서울,2018-07-26 11:00,30.2,
108,서울,2018-07-26 12:00,32,
108,서울,2018-07-26 13:00,32.4,
108,서울,2018-07-26 14:00,33,
108,서울,2018-07-26 15:00,33.1,
108,서울,2018-07-26 16:00,33.5,
108,서울,2018-07-26 17:00,33.1,
108,서울,2018-07-26 18:00,33.2,
108,서울,2018-07-26 19:00,32.3,
108,서울,2018-07-26 20:00,31,
108,서울,2018-07-26 21:00,30,
108,서울,2018-07-26 22:00,29.4,
108,서울,2018-07-26 23:00,29,
108,서울,2018-07-27 00:00,28.6,
108,서울,2018-07-27 01:00,28.3,
108,서울,2018-07-27 02:00,27.8,
108,서울,2018-07-27 03:00,27.6,
108,서울,2018-07-27 04:00,27.3,
108,서울,2018-07-27 05:00,27.2,
108,서울,2018-07-27 06:00,27.2,
108,서울,2018-07-27 07:00,27.6,
108,서울,2018-07-27 08:00,28.5,
108,서울,2018-07-27 09:00,29.9,
108,서울,2018-07-27 10:00,31.2,
108,서울,2018-07-27 11:00,32.7,
108,서울,2018-07-27 12:00,33.7,
108,서울,2018-07-27 13:00,35.3,
108,서울,2018-07-27 14:00,34.1,
108,서울,2018-07-27 15:00,35.3,
108,서울,2018-07-27 16:00,35,
108,서울,2018-07-27 17:00,34.7,
108,서울,2018-07-27 18:00,33.7,
108,서울,2018-07-27 19:00,32,
108,서울,2018-07-27 20:00,30.7,
108,서울,2018-07-27 21:00,30.3,
108,서울,2018-07-27 22:00,29.9,
108,서울,2018-07-27 23:00,29.7,
108,서울,2018-07-28 00:00,29.4,
108,서울,2018-07-28 01:00,29.1,
108,서울,2018-07-28 02:00,28.8,
108,서울,2018-07-28 03:00,28.5,
108,서울,2018-07-28 04:00,28.3,
108,서울,2018-07-28 05:00,28.1,
108,서울,2018-07-28 06:00,28,
108,서울,2018-07-28 07:00,28.4,
108,서울,2018-07-28 08:00,29.6,
108,서울,2018-07-28 09:00,30.6,
108,서울,2018-07-28 10:00,32,
108,서울,2018-07-28 11:00,32.8,
108,서울,2018-07-28 12:00,33.6,
108,서울,2018-07-28 13:00,34.2,
108,서울,2018-07-28 14:00,34.4,.2
108,서울,2018-07-28 15:00,28.9,7.3
108,서울,2018-07-28 16:00,28.6,0
108,서울,2018-07-28 17:00,28.2,
108,서울,2018-07-28 18:00,29,
108,서울,2018-07-28 19:00,29.3,
108,서울,2018-07-28 20:00,29.2,
108,서울,2018-07-28 21:00,29.1,
108,서울,2018-07-28 22:00,29,
108,서울,2018-07-28 23:00,28.6,
108,서울,2018-07-29 00:00,28.4,
108,서울,2018-07-29 01:00,28,
108,서울,2018-07-29 02:00,27.7,
108,서울,2018-07-29 03:00,27.4,
108,서울,2018-07-29 04:00,27,
108,서울,2018-07-29 05:00,26.7,
108,서울,2018-07-29 06:00,26.4,
108,서울,2018-07-29 07:00,26.9,
108,서울,2018-07-29 08:00,28.6,
108,서울,2018-07-29 09:00,30.6,
108,서울,2018-07-29 10:00,32.4,
108,서울,2018-07-29 11:00,33.6,
108,서울,2018-07-29 12:00,33.8,
108,서울,2018-07-29 13:00,34.4,
108,서울,2018-07-29 14:00,35.4,
108,서울,2018-07-29 15:00,35.9,
108,서울,2018-07-29 16:00,36,
108,서울,2018-07-29 17:00,36.3,
108,서울,2018-07-29 18:00,35.8,
108,서울,2018-07-29 19:00,34.4,
108,서울,2018-07-29 20:00,32.3,
108,서울,2018-07-29 21:00,31.1,
108,서울,2018-07-29 22:00,30.4,
108,서울,2018-07-29 23:00,29.9,
108,서울,2018-07-30 00:00,29.2,
108,서울,2018-07-30 01:00,28.5,
108,서울,2018-07-30 02:00,28,
108,서울,2018-07-30 03:00,27.4,
108,서울,2018-07-30 04:00,26.7,
108,서울,2018-07-30 05:00,26.4,
108,서울,2018-07-30 06:00,26.2,
108,서울,2018-07-30 07:00,26.8,
108,서울,2018-07-30 08:00,28.8,
108,서울,2018-07-30 09:00,30.5,
108,서울,2018-07-30 10:00,32,
108,서울,2018-07-30 11:00,33.2,
108,서울,2018-07-30 12:00,33.6,
108,서울,2018-07-30 13:00,34.7,
108,서울,2018-07-30 14:00,35.3,
108,서울,2018-07-30 15:00,35.5,
108,서울,2018-07-30 16:00,36.4,
108,서울,2018-07-30 17:00,35.4,
108,서울,2018-07-30 18:00,36.5,
108,서울,2018-07-30 19:00,35.2,
108,서울,2018-07-30 20:00,33.9,
108,서울,2018-07-30 21:00,33.1,
108,서울,2018-07-30 22:00,32.5,
108,서울,2018-07-30 23:00,31.7,
108,서울,2018-07-31 00:00,31,
108,서울,2018-07-31 01:00,30.2,
108,서울,2018-07-31 02:00,29.8,
108,서울,2018-07-31 03:00,29.3,
108,서울,2018-07-31 04:00,28.8,
108,서울,2018-07-31 05:00,28.3,
108,서울,2018-07-31 06:00,27.9,
108,서울,2018-07-31 07:00,27.9,
108,서울,2018-07-31 08:00,29.3,
108,서울,2018-07-31 09:00,30.9,
108,서울,2018-07-31 10:00,32.7,
108,서울,2018-07-31 11:00,34.1,
108,서울,2018-07-31 12:00,35.2,
108,서울,2018-07-31 13:00,36.1,
108,서울,2018-07-31 14:00,36.4,
108,서울,2018-07-31 15:00,37.8,
108,서울,2018-07-31 16:00,37,
108,서울,2018-07-31 17:00,38,
108,서울,2018-07-31 18:00,36.2,
108,서울,2018-07-31 19:00,34.9,
108,서울,2018-07-31 20:00,33.5,
108,서울,2018-07-31 21:00,32.7,
108,서울,2018-07-31 22:00,31.6,
108,서울,2018-07-31 23:00,31,
108,서울,2018-08-01 00:00,30.5,
108,서울,2018-08-01 01:00,29.9,
108,서울,2018-08-01 02:00,29.5,
108,서울,2018-08-01 03:00,29.1,
108,서울,2018-08-01 04:00,28.5,
108,서울,2018-08-01 05:00,28.3,
108,서울,2018-08-01 06:00,27.8,
108,서울,2018-08-01 07:00,28.2,
108,서울,2018-08-01 08:00,30.3,
108,서울,2018-08-01 09:00,32.4,
108,서울,2018-08-01 10:00,34.3,
108,서울,2018-08-01 11:00,35.8,
108,서울,2018-08-01 12:00,36.8,
108,서울,2018-08-01 13:00,37.9,
108,서울,2018-08-01 14:00,38.7,
108,서울,2018-08-01 15:00,39.3,
108,서울,2018-08-01 16:00,39.4,
108,서울,2018-08-01 17:00,39,
108,서울,2018-08-01 18:00,37.8,
108,서울,2018-08-01 19:00,36.1,
108,서울,2018-08-01 20:00,34.5,
108,서울,2018-08-01 21:00,33.3,
108,서울,2018-08-01 22:00,32.6,
108,서울,2018-08-01 23:00,32.3,
108,서울,2018-08-02 00:00,31.9,
108,서울,2018-08-02 01:00,31.5,
108,서울,2018-08-02 02:00,31.5,
108,서울,2018-08-02 03:00,31.1,
108,서울,2018-08-02 04:00,31.1,
108,서울,2018-08-02 05:00,30.7,
108,서울,2018-08-02 06:00,30.4,
108,서울,2018-08-02 07:00,30.5,
108,서울,2018-08-02 08:00,31.6,
108,서울,2018-08-02 09:00,32.9,
108,서울,2018-08-02 10:00,34.4,
108,서울,2018-08-02 11:00,35.3,
108,서울,2018-08-02 12:00,36.6,
108,서울,2018-08-02 13:00,36.7,
108,서울,2018-08-02 14:00,37.3,
108,서울,2018-08-02 15:00,36.6,
108,서울,2018-08-02 16:00,37.9,
108,서울,2018-08-02 17:00,37.4,
108,서울,2018-08-02 18:00,36.7,
108,서울,2018-08-02 19:00,35.2,
108,서울,2018-08-02 20:00,33.9,
108,서울,2018-08-02 21:00,33.3,
108,서울,2018-08-02 22:00,32.9,
108,서울,2018-08-02 23:00,32.4,
108,서울,2018-08-03 00:00,32.1,
108,서울,2018-08-03 01:00,31.7,
108,서울,2018-08-03 02:00,31.5,
108,서울,2018-08-03 03:00,31.2,
108,서울,2018-08-03 04:00,31,
108,서울,2018-08-03 05:00,30.5,
108,서울,2018-08-03 06:00,30.5,
108,서울,2018-08-03 07:00,30.8,
108,서울,2018-08-03 08:00,31.8,
108,서울,2018-08-03 09:00,33,
108,서울,2018-08-03 10:00,34.3,
108,서울,2018-08-03 11:00,35.7,
108,서울,2018-08-03 12:00,36.8,
108,서울,2018-08-03 13:00,36.8,
108,서울,2018-08-03 14:00,37.4,
108,서울,2018-08-03 15:00,37.4,
108,서울,2018-08-03 16:00,36.7,
108,서울,2018-08-03 17:00,35.8,
108,서울,2018-08-03 18:00,34.4,
108,서울,2018-08-03 19:00,33.5,
108,서울,2018-08-03 20:00,32.2,
108,서울,2018-08-03 21:00,31.2,
108,서울,2018-08-03 22:00,30.6,
108,서울,2018-08-03 23:00,30.2,
108,서울,2018-08-04 00:00,30,
108,서울,2018-08-04 01:00,29.9,
108,서울,2018-08-04 02:00,29.9,
108,서울,2018-08-04 03:00,29.7,
108,서울,2018-08-04 04:00,29.5,
108,서울,2018-08-04 05:00,29.2,
108,서울,2018-08-04 06:00,29.1,
108,서울,2018-08-04 07:00,29.4,
108,서울,2018-08-04 08:00,30.2,
108,서울,2018-08-04 09:00,31.3,
108,서울,2018-08-04 10:00,32.3,
108,서울,2018-08-04 11:00,33.4,
108,서울,2018-08-04 12:00,33.2,
108,서울,2018-08-04 13:00,33.6,
108,서울,2018-08-04 14:00,33.1,
108,서울,2018-08-04 15:00,34.7,
108,서울,2018-08-04 16:00,34.5,
108,서울,2018-08-04 17:00,34.3,
108,서울,2018-08-04 18:00,33.2,
108,서울,2018-08-04 19:00,32,
108,서울,2018-08-04 20:00,30.2,
108,서울,2018-08-04 21:00,29.2,
108,서울,2018-08-04 22:00,28.6,
108,서울,2018-08-04 23:00,28.2,
108,서울,2018-08-05 00:00,28,
108,서울,2018-08-05 01:00,27.7,
108,서울,2018-08-05 02:00,27.5,
108,서울,2018-08-05 03:00,27.3,
108,서울,2018-08-05 04:00,27.3,
108,서울,2018-08-05 05:00,27.3,
108,서울,2018-08-05 06:00,27.3,0
108,서울,2018-08-05 07:00,27.5,.4
108,서울,2018-08-05 08:00,27.5,1.6
108,서울,2018-08-05 09:00,29.1,0
108,서울,2018-08-05 10:00,29.5,0
108,서울,2018-08-05 11:00,31.2,
108,서울,2018-08-05 12:00,32.5,
108,서울,2018-08-05 13:00,33,
108,서울,2018-08-05 14:00,33.3,
108,서울,2018-08-05 15:00,33.7,
108,서울,2018-08-05 16:00,33.6,
108,서울,2018-08-05 17:00,32.8,
108,서울,2018-08-05 18:00,31.8,
108,서울,2018-08-05 19:00,30.9,
108,서울,2018-08-05 20:00,30,
108,서울,2018-08-05 21:00,29.3,
108,서울,2018-08-05 22:00,29.1,
108,서울,2018-08-05 23:00,28.8,
108,서울,2018-08-06 00:00,28.7,
108,서울,2018-08-06 01:00,28.7,
108,서울,2018-08-06 02:00,28.6,
108,서울,2018-08-06 03:00,28.6,
108,서울,2018-08-06 04:00,28.4,
108,서울,2018-08-06 05:00,28.3,
108,서울,2018-08-06 06:00,28.3,
108,서울,2018-08-06 07:00,28.5,0
108,서울,2018-08-06 08:00,28.7,.5
108,서울,2018-08-06 09:00,28.4,4
108,서울,2018-08-06 10:00,29.8,
108,서울,2018-08-06 11:00,31.3,
108,서울,2018-08-06 12:00,33.2,
108,서울,2018-08-06 13:00,34.3,
108,서울,2018-08-06 14:00,34,
108,서울,2018-08-06 15:00,33.6,0
108,서울,2018-08-06 16:00,34.6,
108,서울,2018-08-06 17:00,35,
108,서울,2018-08-06 18:00,32.8,0
108,서울,2018-08-06 19:00,32.2,0
108,서울,2018-08-06 20:00,31.3,
108,서울,2018-08-06 21:00,30.6,
108,서울,2018-08-06 22:00,30.1,
108,서울,2018-08-06 23:00,29.4,2
108,서울,2018-08-07 00:00,28.8,0
108,서울,2018-08-07 01:00,28.2,
108,서울,2018-08-07 02:00,27.9,
108,서울,2018-08-07 03:00,27.6,
108,서울,2018-08-07 04:00,27.3,
108,서울,2018-08-07 05:00,27.1,
108,서울,2018-08-07 06:00,26.8,
108,서울,2018-08-07 07:00,27,
108,서울,2018-08-07 08:00,28.5,
108,서울,2018-08-07 09:00,29.3,
108,서울,2018-08-07 10:00,30.1,
108,서울,2018-08-07 11:00,31.4,
108,서울,2018-08-07 12:00,31.9,
108,서울,2018-08-07 13:00,33,
108,서울,2018-08-07 14:00,34,
108,서울,2018-08-07 15:00,34.3,
108,서울,2018-08-07 16:00,35.4,
108,서울,2018-08-07 17:00,35.6,
108,서울,2018-08-07 18:00,34.6,
108,서울,2018-08-07 19:00,32.9,
108,서울,2018-08-07 20:00,31.1,
108,서울,2018-08-07 21:00,30.3,
108,서울,2018-08-07 22:00,29.8,
108,서울,2018-08-07 23:00,29.5,
108,서울,2018-08-08 00:00,29.1,
108,서울,2018-08-08 01:00,28.5,
108,서울,2018-08-08 02:00,28.3,
108,서울,2018-08-08 03:00,28.3,
108,서울,2018-08-08 04:00,28,
108,서울,2018-08-08 05:00,27.9,
108,서울,2018-08-08 06:00,27.6,
108,서울,2018-08-08 07:00,28.2,
108,서울,2018-08-08 08:00,28.6,
108,서울,2018-08-08 09:00,30.2,
108,서울,2018-08-08 10:00,31.6,
108,서울,2018-08-08 11:00,32.7,
108,서울,2018-08-08 12:00,34.1,
108,서울,2018-08-08 13:00,34.4,
108,서울,2018-08-08 14:00,33.6,
108,서울,2018-08-08 15:00,34.5,
108,서울,2018-08-08 16:00,35.1,
108,서울,2018-08-08 17:00,35,
108,서울,2018-08-08 18:00,34.5,
108,서울,2018-08-08 19:00,32.6,
108,서울,2018-08-08 20:00,31,
108,서울,2018-08-08 21:00,29.7,
108,서울,2018-08-08 22:00,29.5,
108,서울,2018-08-08 23:00,29.1,
108,서울,2018-08-09 00:00,28.9,
108,서울,2018-08-09 01:00,28.8,
108,서울,2018-08-09 02:00,28.5,
108,서울,2018-08-09 03:00,28.3,
108,서울,2018-08-09 04:00,28.1,
108,서울,2018-08-09 05:00,27.8,
108,서울,2018-08-09 06:00,27.7,
108,서울,2018-08-09 07:00,27.9,
108,서울,2018-08-09 08:00,28.6,
108,서울,2018-08-09 09:00,29.4,
108,서울,2018-08-09 10:00,30.4,
108,서울,2018-08-09 11:00,30.8,
108,서울,2018-08-09 12:00,31.1,0
108,서울,2018-08-09 13:00,29.7,.4
108,서울,2018-08-09 14:00,30.8,0
108,서울,2018-08-09 15:00,31.2,0
108,서울,2018-08-09 16:00,31.6,0
108,서울,2018-08-09 17:00,28.8,1.1
108,서울,2018-08-09 18:00,28.1,.5
108,서울,2018-08-09 19:00,28.2,
108,서울,2018-08-09 20:00,27.9,
108,서울,2018-08-09 21:00,27.8,
108,서울,2018-08-09 22:00,27.5,
108,서울,2018-08-09 23:00,27.3,
108,서울,2018-08-10 00:00,27.1,
108,서울,2018-08-10 01:00,26.9,
108,서울,2018-08-10 02:00,26.9,
108,서울,2018-08-10 03:00,26.7,
108,서울,2018-08-10 04:00,26.3,
108,서울,2018-08-10 05:00,26.1,
108,서울,2018-08-10 06:00,25.7,
108,서울,2018-08-10 07:00,26,
108,서울,2018-08-10 08:00,27.2,
108,서울,2018-08-10 09:00,29,
108,서울,2018-08-10 10:00,30.5,
108,서울,2018-08-10 11:00,31.9,
108,서울,2018-08-10 12:00,33.4,
108,서울,2018-08-10 13:00,34.2,
108,서울,2018-08-10 14:00,35.1,
108,서울,2018-08-10 15:00,34.8,
108,서울,2018-08-10 16:00,36.4,
108,서울,2018-08-10 17:00,36.3,
108,서울,2018-08-10 18:00,35.2,
108,서울,2018-08-10 19:00,33.4,
108,서울,2018-08-10 20:00,32.2,
108,서울,2018-08-10 21:00,31.3,
108,서울,2018-08-10 22:00,30.9,
108,서울,2018-08-10 23:00,30.4,
108,서울,2018-08-11 00:00,29.8,
108,서울,2018-08-11 01:00,29,
108,서울,2018-08-11 02:00,28.5,
108,서울,2018-08-11 03:00,27.9,
108,서울,2018-08-11 04:00,27.4,
108,서울,2018-08-11 05:00,26.9,
108,서울,2018-08-11 06:00,26.5,
108,서울,2018-08-11 07:00,26.7,
108,서울,2018-08-11 08:00,28,
108,서울,2018-08-11 09:00,29.7,
108,서울,2018-08-11 10:00,31.3,
108,서울,2018-08-11 11:00,31.5,
108,서울,2018-08-11 12:00,33.2,
108,서울,2018-08-11 13:00,34.1,
108,서울,2018-08-11 14:00,34.5,
108,서울,2018-08-11 15:00,35,
108,서울,2018-08-11 16:00,35.6,
108,서울,2018-08-11 17:00,35.8,
108,서울,2018-08-11 18:00,34.4,
108,서울,2018-08-11 19:00,33.8,
108,서울,2018-08-11 20:00,32.8,
108,서울,2018-08-11 21:00,31.6,
108,서울,2018-08-11 22:00,31.3,
108,서울,2018-08-11 23:00,30.7,
108,서울,2018-08-12 00:00,29.9,
108,서울,2018-08-12 01:00,29.4,
108,서울,2018-08-12 02:00,29,
108,서울,2018-08-12 03:00,28.5,
108,서울,2018-08-12 04:00,28.1,
108,서울,2018-08-12 05:00,27.7,
108,서울,2018-08-12 06:00,27.2,
108,서울,2018-08-12 07:00,27.4,
108,서울,2018-08-12 08:00,28.6,
108,서울,2018-08-12 09:00,29.7,
108,서울,2018-08-12 10:00,31.6,
108,서울,2018-08-12 11:00,32.8,
108,서울,2018-08-12 12:00,33.8,
108,서울,2018-08-12 13:00,34,
108,서울,2018-08-12 14:00,35,
108,서울,2018-08-12 15:00,34.9,
108,서울,2018-08-12 16:00,34.1,
108,서울,2018-08-12 17:00,33.7,
108,서울,2018-08-12 18:00,33.4,
108,서울,2018-08-12 19:00,32,1
108,서울,2018-08-12 20:00,29.4,4
108,서울,2018-08-12 21:00,28.9,
108,서울,2018-08-12 22:00,28.8,
108,서울,2018-08-12 23:00,28.7,
108,서울,2018-08-13 00:00,28.4,0
108,서울,2018-08-13 01:00,28.2,1
108,서울,2018-08-13 02:00,28.1,0
108,서울,2018-08-13 03:00,27.7,
108,서울,2018-08-13 04:00,27.1,
108,서울,2018-08-13 05:00,26.8,
108,서울,2018-08-13 06:00,26.7,
108,서울,2018-08-13 07:00,27,
108,서울,2018-08-13 08:00,28,
108,서울,2018-08-13 09:00,29.4,
108,서울,2018-08-13 10:00,30.6,
108,서울,2018-08-13 11:00,31.7,
108,서울,2018-08-13 12:00,33.4,
108,서울,2018-08-13 13:00,33,
108,서울,2018-08-13 14:00,33.6,
108,서울,2018-08-13 15:00,34,
108,서울,2018-08-13 16:00,33.5,
108,서울,2018-08-13 17:00,33.2,
108,서울,2018-08-13 18:00,33.1,
108,서울,2018-08-13 19:00,32.1,
108,서울,2018-08-13 20:00,31,
108,서울,2018-08-13 21:00,30.4,
108,서울,2018-08-13 22:00,29.9,
108,서울,2018-08-13 23:00,29.6,
108,서울,2018-08-14 00:00,29.3,
108,서울,2018-08-14 01:00,28.9,
108,서울,2018-08-14 02:00,28.6,
108,서울,2018-08-14 03:00,28.4,
108,서울,2018-08-14 04:00,28.1,
108,서울,2018-08-14 05:00,27.9,
108,서울,2018-08-14 06:00,27.8,
108,서울,2018-08-14 07:00,27.9,
108,서울,2018-08-14 08:00,29.3,
108,서울,2018-08-14 09:00,31,
108,서울,2018-08-14 10:00,31.7,
108,서울,2018-08-14 11:00,32.4,
108,서울,2018-08-14 12:00,33.9,
108,서울,2018-08-14 13:00,35.7,
108,서울,2018-08-14 14:00,36.2,
108,서울,2018-08-14 15:00,37.2,
108,서울,2018-08-14 16:00,36.3,
108,서울,2018-08-14 17:00,34.7,
108,서울,2018-08-14 18:00,33.7,
108,서울,2018-08-14 19:00,32.7,
108,서울,2018-08-14 20:00,31.8,
108,서울,2018-08-14 21:00,31.3,
108,서울,2018-08-14 22:00,30.9,
108,서울,2018-08-14 23:00,30.3,
108,서울,2018-08-15 00:00,30,
108,서울,2018-08-15 01:00,29.6,
108,서울,2018-08-15 02:00,29.5,
108,서울,2018-08-15 03:00,29.1,
108,서울,2018-08-15 04:00,28.8,
108,서울,2018-08-15 05:00,28.6,
108,서울,2018-08-15 06:00,28.4,
108,서울,2018-08-15 07:00,28.6,
108,서울,2018-08-15 08:00,29.9,
108,서울,2018-08-15 09:00,32,
108,서울,2018-08-15 10:00,33.5,
108,서울,2018-08-15 11:00,35.4,
108,서울,2018-08-15 12:00,36.5,
108,서울,2018-08-15 13:00,36.9,
108,서울,2018-08-15 14:00,37.2,
108,서울,2018-08-15 15:00,37.4,
108,서울,2018-08-15 16:00,36.6,
108,서울,2018-08-15 17:00,33.6,
108,서울,2018-08-15 18:00,32.8,.1
108,서울,2018-08-15 19:00,28.7,.9
108,서울,2018-08-15 20:00,28.4,
108,서울,2018-08-15 21:00,28.6,
108,서울,2018-08-15 22:00,28.6,
108,서울,2018-08-15 23:00,28.5,
108,서울,2018-08-16 00:00,28.4,
108,서울,2018-08-16 01:00,28.2,
108,서울,2018-08-16 02:00,28.1,
108,서울,2018-08-16 03:00,27.9,
108,서울,2018-08-16 04:00,27.8,
108,서울,2018-08-16 05:00,28,
108,서울,2018-08-16 06:00,27.5,
108,서울,2018-08-16 07:00,27.6,
108,서울,2018-08-16 08:00,28.2,
108,서울,2018-08-16 09:00,30.6,
108,서울,2018-08-16 10:00,31.9,
108,서울,2018-08-16 11:00,33.5,
108,서울,2018-08-16 12:00,34.5,
108,서울,2018-08-16 13:00,35.1,
108,서울,2018-08-16 14:00,35.3,
108,서울,2018-08-16 15:00,35,
108,서울,2018-08-16 16:00,34.5,
108,서울,2018-08-16 17:00,33.8,
108,서울,2018-08-16 18:00,32.4,
108,서울,2018-08-16 19:00,29.8,
108,서울,2018-08-16 20:00,27.9,
108,서울,2018-08-16 21:00,26.8,
108,서울,2018-08-16 22:00,25.9,
108,서울,2018-08-16 23:00,25,
108,서울,2018-08-17 00:00,24.1,
108,서울,2018-08-17 01:00,23.4,
108,서울,2018-08-17 02:00,22.8,
108,서울,2018-08-17 03:00,22.4,
108,서울,2018-08-17 04:00,22.1,
108,서울,2018-08-17 05:00,21.8,
108,서울,2018-08-17 06:00,21.8,
108,서울,2018-08-17 07:00,22,
108,서울,2018-08-17 08:00,23.5,
108,서울,2018-08-17 09:00,25.5,
108,서울,2018-08-17 10:00,27,
108,서울,2018-08-17 11:00,28.8,
108,서울,2018-08-17 12:00,30.3,
108,서울,2018-08-17 13:00,31.3,
108,서울,2018-08-17 14:00,32.7,
108,서울,2018-08-17 15:00,33.5,
108,서울,2018-08-17 16:00,33.7,
108,서울,2018-08-17 17:00,33.1,
108,서울,2018-08-17 18:00,32.5,
108,서울,2018-08-17 19:00,31,
108,서울,2018-08-17 20:00,28.4,
108,서울,2018-08-17 21:00,27.1,
108,서울,2018-08-17 22:00,26,
108,서울,2018-08-17 23:00,25.2,
108,서울,2018-08-18 00:00,24.5,
108,서울,2018-08-18 01:00,23.9,
108,서울,2018-08-18 02:00,23.4,
108,서울,2018-08-18 03:00,23,
108,서울,2018-08-18 04:00,22.6,
108,서울,2018-08-18 05:00,22,
108,서울,2018-08-18 06:00,21.6,
108,서울,2018-08-18 07:00,21.7,
108,서울,2018-08-18 08:00,23.2,
108,서울,2018-08-18 09:00,25.3,
108,서울,2018-08-18 10:00,27,
108,서울,2018-08-18 11:00,28.4,
108,서울,2018-08-18 12:00,29.8,
108,서울,2018-08-18 13:00,31.1,
108,서울,2018-08-18 14:00,31,
108,서울,2018-08-18 15:00,31.7,
108,서울,2018-08-18 16:00,31.8,
108,서울,2018-08-18 17:00,29.9,
108,서울,2018-08-18 18:00,30.1,
108,서울,2018-08-18 19:00,28.5,
108,서울,2018-08-18 20:00,27.6,
108,서울,2018-08-18 21:00,26.8,
108,서울,2018-08-18 22:00,26.3,
108,서울,2018-08-18 23:00,25.9,
108,서울,2018-08-19 00:00,25.3,
108,서울,2018-08-19 01:00,25,
108,서울,2018-08-19 02:00,24.5,
108,서울,2018-08-19 03:00,24,
108,서울,2018-08-19 04:00,23.6,
108,서울,2018-08-19 05:00,23.4,
108,서울,2018-08-19 06:00,23.1,
108,서울,2018-08-19 07:00,23.3,
108,서울,2018-08-19 08:00,24.4,
108,서울,2018-08-19 09:00,26.3,
108,서울,2018-08-19 10:00,27.3,
108,서울,2018-08-19 11:00,28.4,
108,서울,2018-08-19 12:00,30.9,
108,서울,2018-08-19 13:00,32.4,
108,서울,2018-08-19 14:00,33.4,
108,서울,2018-08-19 15:00,33.8,
108,서울,2018-08-19 16:00,33.3,
108,서울,2018-08-19 17:00,32.7,
108,서울,2018-08-19 18:00,32.3,
108,서울,2018-08-19 19:00,29.7,
108,서울,2018-08-19 20:00,28.5,
108,서울,2018-08-19 21:00,27.9,
108,서울,2018-08-19 22:00,27.7,
108,서울,2018-08-19 23:00,27.5,
108,서울,2018-08-20 00:00,27,
108,서울,2018-08-20 01:00,26.6,
108,서울,2018-08-20 02:00,26.3,
108,서울,2018-08-20 03:00,26.1,
108,서울,2018-08-20 04:00,26.2,
108,서울,2018-08-20 05:00,25.7,
108,서울,2018-08-20 06:00,25.3,
108,서울,2018-08-20 07:00,25.4,
108,서울,2018-08-20 08:00,26.6,
108,서울,2018-08-20 09:00,27.5,
108,서울,2018-08-20 10:00,29.3,
108,서울,2018-08-20 11:00,31.2,
108,서울,2018-08-20 12:00,31.7,
108,서울,2018-08-20 13:00,31.6,
108,서울,2018-08-20 14:00,32.1,
108,서울,2018-08-20 15:00,32.9,
108,서울,2018-08-20 16:00,32.3,
108,서울,2018-08-20 17:00,32.1,
108,서울,2018-08-20 18:00,31.6,
108,서울,2018-08-20 19:00,30.8,0
108,서울,2018-08-20 20:00,29.8,
108,서울,2018-08-20 21:00,29.3,
108,서울,2018-08-20 22:00,29,
108,서울,2018-08-20 23:00,28.5,
108,서울,2018-08-21 00:00,28.3,
108,서울,2018-08-21 01:00,28,
108,서울,2018-08-21 02:00,27.6,0
108,서울,2018-08-21 03:00,26.8,.1
108,서울,2018-08-21 04:00,25.3,.4
108,서울,2018-08-21 05:00,23.8,1
108,서울,2018-08-21 06:00,23.8,1.5
108,서울,2018-08-21 07:00,23.4,2
108,서울,2018-08-21 08:00,24,0
108,서울,2018-08-21 09:00,24.4,
108,서울,2018-08-21 10:00,24.8,
108,서울,2018-08-21 11:00,24.7,0
108,서울,2018-08-21 12:00,25.7,0
108,서울,2018-08-21 13:00,27.1,
108,서울,2018-08-21 14:00,28.5,
108,서울,2018-08-21 15:00,29.5,
108,서울,2018-08-21 16:00,30.4,
108,서울,2018-08-21 17:00,30.8,
108,서울,2018-08-21 18:00,30.3,
108,서울,2018-08-21 19:00,29.2,
108,서울,2018-08-21 20:00,27.7,
108,서울,2018-08-21 21:00,26.8,
108,서울,2018-08-21 22:00,26.1,
108,서울,2018-08-21 23:00,25.6,
108,서울,2018-08-22 00:00,25.1,
108,서울,2018-08-22 01:00,24.6,
108,서울,2018-08-22 02:00,24.2,
108,서울,2018-08-22 03:00,24.1,
108,서울,2018-08-22 04:00,23.6,
108,서울,2018-08-22 05:00,23.4,
108,서울,2018-08-22 06:00,23.7,
108,서울,2018-08-22 07:00,24.3,
108,서울,2018-08-22 08:00,25.7,
108,서울,2018-08-22 09:00,28,
108,서울,2018-08-22 10:00,30.2,
108,서울,2018-08-22 11:00,32.1,
108,서울,2018-08-22 12:00,33.9,
108,서울,2018-08-22 13:00,35.3,
108,서울,2018-08-22 14:00,36.2,
108,서울,2018-08-22 15:00,36.8,
108,서울,2018-08-22 16:00,37.4,
108,서울,2018-08-22 17:00,36.4,
108,서울,2018-08-22 18:00,35.4,
108,서울,2018-08-22 19:00,35.2,
108,서울,2018-08-22 20:00,33.2,
108,서울,2018-08-22 21:00,33.1,
108,서울,2018-08-22 22:00,32.1,
108,서울,2018-08-22 23:00,31.2,
108,서울,2018-08-23 00:00,30.7,
108,서울,2018-08-23 01:00,30.1,
108,서울,2018-08-23 02:00,29.8,
108,서울,2018-08-23 03:00,29.7,
108,서울,2018-08-23 04:00,29.3,0
108,서울,2018-08-23 05:00,28.5,.1
108,서울,2018-08-23 06:00,28.3,
108,서울,2018-08-23 07:00,28.3,0
108,서울,2018-08-23 08:00,28.1,0
108,서울,2018-08-23 09:00,29.3,
108,서울,2018-08-23 10:00,30.2,
108,서울,2018-08-23 11:00,29.9,.1
108,서울,2018-08-23 12:00,31.9,
108,서울,2018-08-23 13:00,31,
108,서울,2018-08-23 14:00,30.5,.1
108,서울,2018-08-23 15:00,32,0
108,서울,2018-08-23 16:00,31.7,
108,서울,2018-08-23 17:00,30.8,
108,서울,2018-08-23 18:00,30.6,
108,서울,2018-08-23 19:00,30,0
108,서울,2018-08-23 20:00,29.2,.1
108,서울,2018-08-23 21:00,27.8,.1
108,서울,2018-08-23 22:00,26.6,1.5
108,서울,2018-08-23 23:00,26.1,.5
108,서울,2018-08-24 00:00,25.7,.5
108,서울,2018-08-24 01:00,25.7,.2
108,서울,2018-08-24 02:00,25.4,.8
108,서울,2018-08-24 03:00,24.8,1
108,서울,2018-08-24 04:00,24.5,1
108,서울,2018-08-24 05:00,24.6,.5
108,서울,2018-08-24 06:00,24.9,.5
108,서울,2018-08-24 07:00,24.2,0
108,서울,2018-08-24 08:00,24.4,0
108,서울,2018-08-24 09:00,24.8,0
108,서울,2018-08-24 10:00,26,0
108,서울,2018-08-24 11:00,26.2,0
108,서울,2018-08-24 12:00,25.8,0
108,서울,2018-08-24 13:00,25.8,0
108,서울,2018-08-24 14:00,24.4,1.5
108,서울,2018-08-24 15:00,24,.5
108,서울,2018-08-24 16:00,24.6,0
108,서울,2018-08-24 17:00,24.1,0
108,서울,2018-08-24 18:00,23.8,1.5
108,서울,2018-08-24 19:00,23.6,0
108,서울,2018-08-24 20:00,23.5,0
108,서울,2018-08-24 21:00,23.5,
108,서울,2018-08-24 22:00,23.5,
108,서울,2018-08-24 23:00,23.4,
108,서울,2018-08-25 00:00,23.2,
108,서울,2018-08-25 01:00,23,
108,서울,2018-08-25 02:00,22.9,
108,서울,2018-08-25 03:00,23.1,
108,서울,2018-08-25 04:00,23.2,
108,서울,2018-08-25 05:00,23.3,
108,서울,2018-08-25 06:00,23.5,
108,서울,2018-08-25 07:00,23.7,
108,서울,2018-08-25 08:00,24.1,
108,서울,2018-08-25 09:00,25.3,
108,서울,2018-08-25 10:00,26.3,
108,서울,2018-08-25 11:00,28,
108,서울,2018-08-25 12:00,27.9,
108,서울,2018-08-25 13:00,28.6,
108,서울,2018-08-25 14:00,29.2,
108,서울,2018-08-25 15:00,28.1,
108,서울,2018-08-25 16:00,27.2,
108,서울,2018-08-25 17:00,26.9,
108,서울,2018-08-25 18:00,27.1,
108,서울,2018-08-25 19:00,25.8,
108,서울,2018-08-25 20:00,24.6,
108,서울,2018-08-25 21:00,23.9,
108,서울,2018-08-25 22:00,23.4,
108,서울,2018-08-25 23:00,22.9,
108,서울,2018-08-26 00:00,22.8,
108,서울,2018-08-26 01:00,22.5,
108,서울,2018-08-26 02:00,22.1,
108,서울,2018-08-26 03:00,21.6,
108,서울,2018-08-26 04:00,21.2,
108,서울,2018-08-26 05:00,20.7,
108,서울,2018-08-26 06:00,20.4,
108,서울,2018-08-26 07:00,20.7,
108,서울,2018-08-26 08:00,22.1,
108,서울,2018-08-26 09:00,24.2,
108,서울,2018-08-26 10:00,26.3,
108,서울,2018-08-26 11:00,28,
108,서울,2018-08-26 12:00,28.9,
108,서울,2018-08-26 13:00,27.8,0
108,서울,2018-08-26 14:00,25.8,.1
108,서울,2018-08-26 15:00,24.3,0
108,서울,2018-08-26 16:00,23.5,.1
108,서울,2018-08-26 17:00,23.5,0
108,서울,2018-08-26 18:00,23.4,
108,서울,2018-08-26 19:00,22.7,
108,서울,2018-08-26 20:00,22.4,
108,서울,2018-08-26 21:00,22.5,
108,서울,2018-08-26 22:00,21.2,1.3
108,서울,2018-08-26 23:00,20.8,.5
108,서울,2018-08-27 00:00,20.5,0
108,서울,2018-08-27 01:00,20.5,1.5
108,서울,2018-08-27 02:00,20.3,1
108,서울,2018-08-27 03:00,20.3,1.5
108,서울,2018-08-27 04:00,20.5,3.5
108,서울,2018-08-27 05:00,20.5,3
108,서울,2018-08-27 06:00,20.6,1
108,서울,2018-08-27 07:00,20.8,2
108,서울,2018-08-27 08:00,21.3,.5
108,서울,2018-08-27 09:00,21.5,.5
108,서울,2018-08-27 10:00,21.7,2.5
108,서울,2018-08-27 11:00,22,.5
108,서울,2018-08-27 12:00,22.6,1
108,서울,2018-08-27 13:00,22.9,.5
108,서울,2018-08-27 14:00,23.3,.5
108,서울,2018-08-27 15:00,24.4,0
108,서울,2018-08-27 16:00,24.7,0
108,서울,2018-08-27 17:00,24.9,0
108,서울,2018-08-27 18:00,24.8,
108,서울,2018-08-27 19:00,24.7,
108,서울,2018-08-27 20:00,24.4,
108,서울,2018-08-27 21:00,23.9,
108,서울,2018-08-27 22:00,23.5,
108,서울,2018-08-27 23:00,23.6,
108,서울,2018-08-28 00:00,23.5,
108,서울,2018-08-28 01:00,23.1,
108,서울,2018-08-28 02:00,23.2,
108,서울,2018-08-28 03:00,22.9,
108,서울,2018-08-28 04:00,22.6,
108,서울,2018-08-28 05:00,22.5,
108,서울,2018-08-28 06:00,22.5,
108,서울,2018-08-28 07:00,22.6,
108,서울,2018-08-28 08:00,23.4,
108,서울,2018-08-28 09:00,24.2,0
108,서울,2018-08-28 10:00,25.4,0
108,서울,2018-08-28 11:00,25.9,
108,서울,2018-08-28 12:00,25.2,2
108,서울,2018-08-28 13:00,24.6,9.5
108,서울,2018-08-28 14:00,24.9,4
108,서울,2018-08-28 15:00,25.2,.5
108,서울,2018-08-28 16:00,25,2.5
108,서울,2018-08-28 17:00,24.8,2.5
108,서울,2018-08-28 18:00,24.3,18.5
108,서울,2018-08-28 19:00,23.9,7
108,서울,2018-08-28 20:00,23.3,15.5
108,서울,2018-08-28 21:00,22.9,29.5
108,서울,2018-08-28 22:00,22.9,.5
108,서울,2018-08-28 23:00,22.8,3.5
108,서울,2018-08-29 00:00,22.7,1
108,서울,2018-08-29 01:00,22.8,.5
108,서울,2018-08-29 02:00,24.2,
108,서울,2018-08-29 03:00,24.5,
108,서울,2018-08-29 04:00,24.6,
108,서울,2018-08-29 05:00,24.6,0
108,서울,2018-08-29 06:00,24.7,0
108,서울,2018-08-29 07:00,25,
108,서울,2018-08-29 08:00,25.3,
108,서울,2018-08-29 09:00,25.8,
108,서울,2018-08-29 10:00,26.4,
108,서울,2018-08-29 11:00,26.9,
108,서울,2018-08-29 12:00,27.4,
108,서울,2018-08-29 13:00,27.1,
108,서울,2018-08-29 14:00,26.8,0
108,서울,2018-08-29 15:00,26.9,0
108,서울,2018-08-29 16:00,27,0
108,서울,2018-08-29 17:00,24.6,1.5
108,서울,2018-08-29 18:00,23.9,1.5
108,서울,2018-08-29 19:00,23.5,6.5
108,서울,2018-08-29 20:00,23.4,21
108,서울,2018-08-29 21:00,23.7,5.5
108,서울,2018-08-29 22:00,24.3,4.5
108,서울,2018-08-29 23:00,24.2,1
108,서울,2018-08-30 00:00,24.7,0
108,서울,2018-08-30 01:00,24.9,.5
108,서울,2018-08-30 02:00,24.7,6.5
108,서울,2018-08-30 03:00,24.1,1.5
108,서울,2018-08-30 04:00,23.9,0
108,서울,2018-08-30 05:00,24,.5
108,서울,2018-08-30 06:00,24.2,0
108,서울,2018-08-30 07:00,24.3,
108,서울,2018-08-30 08:00,24.6,
108,서울,2018-08-30 09:00,25,
108,서울,2018-08-30 10:00,26.1,
108,서울,2018-08-30 11:00,26.2,
108,서울,2018-08-30 12:00,27,
108,서울,2018-08-30 13:00,28.2,
108,서울,2018-08-30 14:00,27.5,
108,서울,2018-08-30 15:00,27.2,
108,서울,2018-08-30 16:00,27.6,
108,서울,2018-08-30 17:00,26.8,
108,서울,2018-08-30 18:00,26.1,0
108,서울,2018-08-30 19:00,25.1,.5
108,서울,2018-08-30 20:00,24.9,0
108,서울,2018-08-30 21:00,24.8,
108,서울,2018-08-30 22:00,24.6,
108,서울,2018-08-30 23:00,24.3,
108,서울,2018-08-31 00:00,23.9,
